{"FPR": [0.0, 0.0, 0.0, 0.0, 0.0, 0.0125, 0.0125, 0.0125, 0.0125, 0.0125, 0.0125, 0.025, 0.025, 0.025, 0.025, 0.0375, 0.0375, 0.05, 0.05, 0.0625, 0.0625, 0.075, 0.075, 0.1, 0.125, 0.1375, 0.175, 0.175, 0.1875, 0.2, 0.2, 0.2125, 0.275, 0.2875, 0.2875, 0.325, 0.3375, 0.3625, 0.3875, 0.4125, 0.4125, 0.425, 0.45, 0.4625, 0.4625, 0.475, 0.5375, 0.5625, 0.5625, 0.5875, 0.6125, 0.7625, 0.8, 0.8125, 0.8125, 0.85, 0.875, 0.9, 0.95, 1.0], "TPR": [0.0, 0.015873015873015872, 0.06349206349206349, 0.1111111111111111, 0.12698412698412698, 0.12698412698412698, 0.25396825396825395, 0.2857142857142857, 0.30158730158730157, 0.3492063492063492, 0.42857142857142855, 0.4603174603174603, 0.47619047619047616, 0.5238095238095238, 0.5396825396825397, 0.5555555555555556, 0.5873015873015873, 0.5873015873015873, 0.6031746031746031, 0.6031746031746031, 0.6190476190476191, 0.6190476190476191, 0.6507936507936508, 0.6507936507936508, 0.6825396825396826, 0.6825396825396826, 0.6825396825396826, 0.6984126984126984, 0.7301587301587301, 0.7301587301587301, 0.746031746031746, 0.7619047619047619, 0.7619047619047619, 0.7619047619047619, 0.7777777777777778, 0.7777777777777778, 0.7777777777777778, 0.7777777777777778, 0.7777777777777778, 0.7936507936507936, 0.8095238095238095, 0.8253968253968254, 0.8253968253968254, 0.8253968253968254, 0.8412698412698413, 0.8412698412698413, 0.8888888888888888, 0.8888888888888888, 0.9047619047619048, 0.9047619047619048, 0.9047619047619048, 0.9206349206349206, 0.9523809523809523, 0.9523809523809523, 0.9682539682539683, 0.9682539682539683, 0.9682539682539683, 0.9841269841269841, 1.0, 1.0], "y_test": [1, 1, 0, 1, 0, 1, 1, 1, 0, 1, 0, 0, 0, 0, 0, 0, 1, 1, 1, 1, 0, 1, 1, 0, 0, 0, 0, 1, 0, 1, 1, 0, 0, 0, 0, 0, 0, 0, 1, 1, 1, 1, 0, 0, 0, 1, 0, 0, 0, 0, 0, 1, 0, 0, 0, 1, 1, 1, 0, 0, 1, 0, 0, 1, 0, 0, 0, 0, 1, 0, 1, 1, 0, 0, 0, 0, 0, 0, 1, 1, 1, 1, 1, 1, 0, 0, 1, 1, 0, 1, 0, 0, 0, 0, 0, 1, 1, 0, 1, 0, 1, 0, 1, 0, 0, 0, 1, 0, 0, 0, 1, 1, 0, 1, 1, 0, 0, 0, 1, 0, 1, 1, 1, 1, 0, 1, 1, 1, 0, 1, 1, 0, 0, 0, 0, 0, 0, 1, 0, 1, 0, 1, 1], "predictions": [1, 1, 0, 1, 0, 1, 1, 1, 0, 1, 0, 0, 0, 0, 1, 0, 1, 0, 1, 1, 0, 1, 1, 0, 0, 1, 0, 1, 0, 1, 1, 0, 0, 0, 0, 0, 0, 1, 1, 0, 1, 0, 0, 0, 0, 0, 0, 0, 0, 0, 0, 0, 1, 0, 0, 1, 0, 0, 0, 0, 0, 1, 0, 1, 0, 0, 0, 0, 1, 0, 1, 0, 0, 0, 0, 0, 0, 0, 0, 1, 0, 1, 1, 0, 0, 0, 0, 1, 0, 1, 0, 0, 0, 1, 0, 1, 1, 0, 1, 1, 1, 0, 1, 0, 0, 0, 0, 0, 0, 0, 0, 1, 0, 0, 1, 0, 0, 0, 1, 1, 0, 1, 1, 1, 1, 1, 0, 1, 0, 1, 1, 0, 0, 0, 0, 0, 0, 0, 1, 1, 0, 1, 0]}